signal_mode,ica_keep_labels,brain_ic_min_gof,brain_ic_use_dipoles,model,overrides_noseed,n_runs,seeds,balanced_accuracy_mean,balanced_accuracy_std,roc_auc_mean,roc_auc_std,accuracy_mean,accuracy_std,sensitivity_mean,sensitivity_std,specificity_mean,specificity_std,f1_mean,f1_std,mcc_mean,mcc_std,n_mean,n_std
raw,"['brain', 'other']",0.0,True,LogisticRegressionCV,data.lazy_loading=true; model.class_weight=balanced; data.signal_mode=raw; data.window_len_min=1; data.max_windows_per_subject=20,5,"0,1,2,3,4",0.7123809523809523,0.06528977792917366,0.7519047619047619,0.06624868971450597,0.7121951219512195,0.06544589202438408,0.7047619047619047,0.07824607964359516,0.72,0.0670820393249937,0.714296788482835,0.06918781796165835,0.4252875924886828,0.13048450492211974,41.0,0.0
raw,"['brain', 'other']",0.0,True,LogisticRegressionCV,data.lazy_loading=true; model.class_weight=balanced; data.signal_mode=raw; data.window_len_min=2; data.max_windows_per_subject=20,5,"0,1,2,3,4",0.7011904761904761,0.05232004034129937,0.7828571428571427,0.016444092047459058,0.7024390243902439,0.05287678875287512,0.7523809523809524,0.09159706696033974,0.65,0.061237243569579415,0.7199325151582547,0.05508747674524623,0.4079357926021263,0.11121986520077576,41.0,0.0
raw,"['brain', 'other']",0.0,True,LogisticRegressionCV,data.lazy_loading=true; model.class_weight=balanced; data.signal_mode=raw; data.window_len_min=0.5; data.max_windows_per_subject=20,5,"0,1,2,3,4",0.690952380952381,0.07227965185695319,0.7747619047619049,0.06073995722445082,0.6926829268292682,0.07235315597166501,0.7619047619047619,0.10647942749998998,0.6199999999999999,0.10368220676663858,0.7159420289855072,0.06995662832549085,0.3900461250785904,0.14830057882006312,41.0,0.0
raw,"['brain', 'other']",0.0,True,LogisticRegressionCV,data.lazy_loading=true; model.class_weight=balanced; data.signal_mode=raw; data.window_len_min=5; data.max_windows_per_subject=20,5,"0,1,2,3,4",0.6726190476190477,0.02203185181347825,0.7699999999999999,0.027898829208442,0.6731707317073171,0.02181529734146134,0.6952380952380952,0.0722178613719195,0.65,0.07905694150420946,0.6842819499341237,0.029449572911656296,0.34851266162856187,0.04365590327162513,41.0,0.0
