signal_mode,ica_keep_labels,brain_ic_min_gof,brain_ic_use_dipoles,model,overrides_noseed,n_runs,seeds,balanced_accuracy_mean,balanced_accuracy_std,roc_auc_mean,roc_auc_std,accuracy_mean,accuracy_std,sensitivity_mean,sensitivity_std,specificity_mean,specificity_std,f1_mean,f1_std,mcc_mean,mcc_std,n_mean,n_std
bipolar,"['brain', 'other']",0.0,True,LogisticRegressionCV,"data.lazy_loading=true; model.class_weight=balanced; data.signal_mode=bipolar; data.filter_freq=[1,100]; data.notch_freqs=[60]; data.window_len_min=2; data.max_windows_per_subject=40",5,"0,1,2,3,4",0.641904761904762,0.04805897973198988,0.7123809523809523,0.06209677181862825,0.6439024390243901,0.04754533826736081,0.7238095238095237,0.07063046178186344,0.5599999999999999,0.0961769203083567,0.6750508788159112,0.04192937046378666,0.28982382890813124,0.09722838026455219,41.0,0.0
bipolar,"['brain', 'other']",0.0,True,LogisticRegressionCV,"data.lazy_loading=true; model.class_weight=balanced; data.signal_mode=bipolar; data.filter_freq=[1,100]; data.notch_freqs=[60]; data.window_len_min=2; data.max_windows_per_subject=20",5,"0,1,2,3,4",0.6221428571428571,0.05015282766154841,0.7071428571428571,0.07717004224115168,0.6243902439024389,0.050576686227628585,0.7142857142857143,0.10101525445522107,0.53,0.08366600265340757,0.6586524822695036,0.056296825208397336,0.252048543249075,0.1070510039785804,41.0,0.0
bipolar,"['brain', 'other']",0.0,True,LogisticRegressionCV,"data.lazy_loading=true; model.class_weight=balanced; data.signal_mode=bipolar; data.filter_freq=[1,100]; data.notch_freqs=[60]; data.window_len_min=2; data.max_windows_per_subject=10",5,"0,1,2,3,4",0.6178571428571429,0.06544912860668313,0.699047619047619,0.07032077458239834,0.6195121951219513,0.06589881017612827,0.6857142857142857,0.10432810619146021,0.55,0.07905694150420949,0.6466477915136564,0.0681057036203689,0.2406471893913852,0.13718239805188712,41.0,0.0
