signal_mode,ica_keep_labels,brain_ic_min_gof,brain_ic_use_dipoles,model,overrides_noseed,n_runs,seeds,balanced_accuracy_mean,balanced_accuracy_std,roc_auc_mean,roc_auc_std,accuracy_mean,accuracy_std,sensitivity_mean,sensitivity_std,specificity_mean,specificity_std,f1_mean,f1_std,mcc_mean,mcc_std,n_mean,n_std
raw,"['brain', 'other']",0.0,True,LogisticRegressionCV,"data.lazy_loading=true; model.class_weight=balanced; data.signal_mode=raw; data.window_len_min=0.5; data.max_windows_per_subject=20; data.notch_freqs=[60,120]",5,"0,1,2,3,4",0.7164285714285714,0.05428362569081572,0.813809523809524,0.047122410188254533,0.7170731707317073,0.05343634707367475,0.7428571428571429,0.07221786137191952,0.6900000000000001,0.1140175425099138,0.728958562627478,0.04388986806153934,0.43713514985625646,0.10735519061054116,41.0,0.0
raw,"['brain', 'other']",0.0,True,LogisticRegressionCV,"data.lazy_loading=true; model.class_weight=balanced; data.signal_mode=raw; data.window_len_min=2; data.max_windows_per_subject=20; data.notch_freqs=[60,120]",5,"0,1,2,3,4",0.7021428571428571,0.012093738189714556,0.811904761904762,0.04412798331631105,0.7024390243902439,0.01090764867073064,0.7142857142857143,0.10101525445522104,0.6900000000000001,0.1140175425099138,0.7087635756056809,0.02712080425726183,0.41219422860717003,0.0257607233141819,41.0,0.0
raw,"['brain', 'other']",0.0,True,LogisticRegressionCV,"data.lazy_loading=true; model.class_weight=balanced; data.signal_mode=raw; data.window_len_min=1; data.max_windows_per_subject=20; data.notch_freqs=[60,120]",5,"0,1,2,3,4",0.6885714285714286,0.06991248173281234,0.7742857142857142,0.06115387083715425,0.6878048780487805,0.06984302957695783,0.6571428571428571,0.07824607964359515,0.72,0.08366600265340754,0.6827744084238695,0.0726797462682381,0.3785342639301195,0.1400132721137317,41.0,0.0
raw,"['brain', 'other']",0.0,True,LogisticRegressionCV,"data.lazy_loading=true; model.class_weight=balanced; data.signal_mode=raw; data.window_len_min=5; data.max_windows_per_subject=20; data.notch_freqs=[60,120]",5,"0,1,2,3,4",0.6723809523809523,0.027898829208441948,0.777142857142857,0.02133577792116175,0.6731707317073171,0.027809156709735064,0.7047619047619047,0.08518354199999197,0.64,0.08944271909999156,0.6868310303295976,0.03657680629252573,0.34954967080175303,0.056154849774615434,41.0,0.0
